[
  {
    "id": 1000239,          // 商品的id
    "name": "Smartisan 半入耳式线控耳机",
    "price": 99,            // 价格
    "sale_status": 3,  // 可选字段
    "sku_info": [  // 这个商品的三种规格
      {
        // 图片地址
        "ali_image": "http://image.smartisanos.cn/resource/c98abe89b5a5502ef04c30e751b2bfef.png",
        "color_id": "70",
        "direct_to_cart": false, // 是否直接可以添加到购物车
        "sku_id": "100023901",   // 商品的id
        "sub_title": "卓越的 14.2mm 发音单元、三按键式线控", // 小标题
        "title": "Smartisan 半入耳式线控耳机", // 标题
        "spec_json": [
          {
            "spec_id": "1",
            "spec_value_id": "70",
            "show_name": "灰色",  // 要展示在小购物车的颜色
            "item_value": "灰色", 
            // 每一个小圆圈的图片       
            "image": "attr/v2/1000239/6A30AF98B0B61D85F25BC61EA1EB4F65/"
          },
          {
            "spec_id": "19",
            "spec_value_id": "204",
            "show_name": "3.5 mm",
            "item_value": "3.5 mm",
            "image": ""
          }
        ]
      },
      {
        "ali_image": "http://image.smartisanos.cn/resource/3bfde3e44b0fedacc8ec45e17b048e79.jpg",
        "color_id": "35",
        "direct_to_cart": false,
        "sku_id": "100023902",
        "sub_title": "卓越的 14.2mm 发音单元、三按键式线控",
        "title": "Smartisan 半入耳式线控耳机",
        "spec_json": [
          {
            "spec_id": "1",
            "spec_value_id": "35",
            "show_name": "红色",
            "item_value": "红色",
            "image": "attr/v2/1000239/19CD5E834F1394CE5190285FCF64E0C0/"
          },
          {
            "spec_id": "19",
            "spec_value_id": "204",
            "show_name": "3.5 mm",
            "item_value": "3.5 mm",
            "image": ""
          }
        ]
      },
      {
        "ali_image": "http://image.smartisanos.cn/resource/f784c3fff80dc2f50d00ed56f958fcf6.png",
        "color_id": "36",
        "direct_to_cart": false,
        "sku_id": "100023903",
        "sub_title": "卓越的 14.2mm 发音单元、三按键式线控",
        "title": "Smartisan 半入耳式线控耳机",
        "spec_json": [
          {
            "spec_id": "1",
            "spec_value_id": "36",
            "show_name": "黑色",
            "item_value": "黑色",
            "image": "attr/v2/1000239/689A14B1DFEC24EA8F9197B09C6453C7/"
          },
          {
            "spec_id": "19",
            "spec_value_id": "204",
            "show_name": "3.5 mm",
            "item_value": "3.5 mm",
            "image": ""
          }
        ]
      }
    ]
  },
  {
    "id": 1000235,
    "name": "Smartisan 双口 & 快充车载充电器",
    "price": 99,
    "sale_status": 3,
    "sku_info": [
      {
        "ali_image": "http://image.smartisanos.cn/resource/d4480234a2f24b0ff5acd98288fd902d.jpg",
        "color_id": "7",
        "direct_to_cart": true,
        "sku_id": "100023501",
        "sub_title": "铝合金机身、双口 & 快充、智能调节",
        "title": "Smartisan 双口 & 快充车载充电器",
        "spec_json": [
          {
            "spec_id": "1",
            "spec_value_id": "7",
            "show_name": "金属灰色",
            "item_value": "锖色",
            "image": "attr/v2/1000235/3C2CBF845D452D576A412FFEE445C96A/"
          }
        ]
      }
    ]
  },
  {
    "id": 1000228,
    "name": "坚果自拍杆",
    "price": 69,
    "sale_status": 3,
    "sku_info": [
      {
        "ali_image": "http://image.smartisanos.cn/resource/afe5728faa22f4b078b84d9c725c136d.jpg",
        "color_id": "37",
        "direct_to_cart": false,
        "sku_id": "100022801",
        "sub_title": "航空铝合金伸缩杆、防过敏硅胶手柄",
        "title": "Smartisan 坚果自拍杆",
        "spec_json": [
          {
            "spec_id": "1",
            "spec_value_id": "37",
            "show_name": "白色",
            "item_value": "白色",
            "image": "attr/v2/1000228/E647E77234F9ED0FDE9DD4084D35FF57/"
          },
          {
            "spec_id": "19",
            "spec_value_id": "204",
            "show_name": "3.5 mm",
            "item_value": "3.5 mm",
            "image": ""
          }
        ]
      }
    ]
  },
  {
    "id": 1000227,
    "name": "Smartisan 二合一数据线  0.2m/1.5m",
    "price": 39,
    "sale_status": 3,
    "sku_info": [
      {
        "ali_image": "http://image.smartisanos.cn/resource/fe5d6ab15ed2fca6db8a23590cfcae8b.png",
        "color_id": "37",
        "direct_to_cart": false,
        "sku_id": "100022701",
        "sub_title": "Type-C & Micro-USB 双接口、夜间微光灯",
        "title": "Smartisan 二合一数据线  0.2m / 1.5m",
        "spec_json": [
          {
            "spec_id": "1",
            "spec_value_id": "37",
            "show_name": "白色",
            "item_value": "白色",
            "image": "attr/v2/1000227/E647E77234F9ED0FDE9DD4084D35FF57/"
          },
          {
            "spec_id": "16",
            "spec_value_id": "161",
            "show_name": "0.2m",
            "item_value": "0.2m",
            "image": ""
          }
        ]
      }
    ]
  },
  {
    "id": 1000299,
    "name": "Smartisan 快充移动电源 10000mAh",
    "price": 199,
    "sale_status": 3,
    "sku_info": [
      {
        "ali_image": "http://image.smartisanos.cn/resource/0540778097a009364f2dcbb8c5286451.jpg",
        "color_id": "70",
        "direct_to_cart": true,
        "sku_id": "100029901",
        "sub_title": "10000mAh 双向快充、轻盈便携、高标准安全保护",
        "title": "Smartisan 快充移动电源 10000mAh",
        "spec_json": [
          {
            "spec_id": "1",
            "spec_value_id": "70",
            "show_name": "灰色",
            "item_value": "灰色",
            "image": "attr/v2/1000299/B37F37544921114CEF1EC01ED4DF44E4/"
          }
        ]
      }
    ]
  },
  {
    "id": 1000298,
    "name": "坚果Pro 钢化玻璃手感膜 无孔 (后壳用)",
    "price": 49,
    "sale_status": 3,
    "sku_info": [
      {
        "ali_image": "http://image.smartisanos.cn/resource/f6f081615fdd6f92206c3d127501843a.jpg",
        "color_id": "211",
        "direct_to_cart": true,
        "sku_id": "100029801",
        "sub_title": "仅适用于坚果 Pro （酒红色版、浅金色版、巧克力色版和 32G 碳黑色版）",
        "title": "坚果 Pro 钢化玻璃手感膜 无孔 （后壳用）",
        "spec_json": [
          {
            "spec_id": "1",
            "spec_value_id": "211",
            "show_name": "透明",
            "item_value": "透明",
            "image": "attr/v2/1000298/B1D74DE1EB579A14D2F97F6F56F508C4/"
          }
        ]
      }
    ]
  },
  {
    "id": 1000275,
    "name": "坚果 Pro 钢化玻璃手感膜 开孔 (后壳用)",
    "price": 49,
    "sale_status": 3,
    "sku_info": [
      {
        "ali_image": "http://image.smartisanos.cn/resource/3802197aa7e78f9429eb5f6048a25047.jpg",
        "color_id": "36",
        "direct_to_cart": true,
        "sku_id": "100027501",
        "sub_title": "9H 超强硬度、超 4 小时钢化时长、2.5D 弧边设计",
        "title": "坚果 Pro 钢化玻璃手感膜 开孔 （后壳用）",
        "spec_json": [
          {
            "spec_id": "1",
            "spec_value_id": "36",
            "show_name": "黑色",
            "item_value": "黑色",
            "image": "attr/v2/1000275/649AD35E36A9703BACBE1555AEB6D266/"
          }
        ]
      }
    ]
  },
  {
    "id": 1000271,
    "name": "坚果 Pro 软胶保护套",
    "price": 49,
    "sale_status": 3,
    "sku_info": [
      {
        "ali_image": "http://image.smartisanos.cn/resource/902befd5f32a8caf4ca79b55d39ee25a.jpg",
        "color_id": "35",
        "direct_to_cart": true,
        "sku_id": "100027101",
        "sub_title": "TPU 环保材质、耐磨、耐油、耐久性强",
        "title": "坚果 Pro 软胶保护套",
        "spec_json": [
          {
            "spec_id": "1",
            "spec_value_id": "35",
            "show_name": "红色",
            "item_value": "红色",
            "image": "attr/v2/1000271/948F029DCF134EF23267994487994DA5/"
          }
        ]
      },
      {
        "ali_image": "http://image.smartisanos.cn/resource/554da94d8e4f84f03e0015fd1c997f46.jpg",
        "color_id": "36",
        "direct_to_cart": true,
        "sku_id": "100027102",
        "sub_title": "TPU 环保材质、耐磨、耐油、耐久性强",
        "title": "坚果 Pro 软胶保护套",
        "spec_json": [
          {
            "spec_id": "1",
            "spec_value_id": "36",
            "show_name": "黑色",
            "item_value": "黑色",
            "image": "attr/v2/1000271/649AD35E36A9703BACBE1555AEB6D266/"
          }
        ]
      },
      {
        "ali_image": "http://image.smartisanos.cn/resource/6d39130f5ad4bfe1241c0c17211472c2.jpg",
        "color_id": "41",
        "direct_to_cart": true,
        "sku_id": "100027103",
        "sub_title": "TPU 环保材质、耐磨、耐油、耐久性强",
        "title": "坚果 Pro 软胶保护套",
        "spec_json": [
          {
            "spec_id": "1",
            "spec_value_id": "41",
            "show_name": "巧克力色",
            "item_value": "咖啡色",
            "image": "attr/v2/1000271/07BAF8C0EF046224A84B593DEEBC869E/"
          }
        ]
      },
      {
        "ali_image": "http://image.smartisanos.cn/resource/46d4b1cc072c7daa0c69756ac62ab46e.jpg",
        "color_id": "207",
        "direct_to_cart": true,
        "sku_id": "100027104",
        "sub_title": "TPU 环保材质、耐磨、耐油、耐久性强",
        "title": "坚果 Pro 软胶保护套",
        "spec_json": [
          {
            "spec_id": "1",
            "spec_value_id": "207",
            "show_name": "浅金色",
            "item_value": "浅金色",
            "image": "attr/v2/1000271/52317E0C067C97FC6CE9376A2432CFFF/"
          }
        ]
      }
    ]
  },
  {
    "id": 1000270,
    "name": "Smartisan S-1001 圈铁线控耳机",
    "price": 199,
    "sale_status": 3,
    "sku_info": [
      {
        "ali_image": "http://image.smartisanos.cn/resource/74b7284f703535111c46f1e34b0b1132.jpg",
        "color_id": "86",
        "direct_to_cart": false,
        "sku_id": "100027001",
        "sub_title": "极简造型、复合振膜、专业级调音",
        "title": "Smartisan S-1001 圈铁线控耳机",
        "spec_json": [
          {
            "spec_id": "1",
            "spec_value_id": "86",
            "show_name": "银色",
            "item_value": "银色",
            "image": "attr/v2/1000270/88DF40EC05F4F2F3F7E8568AEA6A9A8F/"
          },
          {
            "spec_id": "19",
            "spec_value_id": "204",
            "show_name": "3.5 mm",
            "item_value": "3.5 mm",
            "image": null
          }
        ]
      }
    ]
  },
  {
    "id": 1000268,
    "name": "Smartisan 耳机转接头",
    "price": 19,
    "sale_status": 3,
    "sku_info": [
      {
        "ali_image": "http://image.smartisanos.cn/resource/6c0f0d0a3daf70ae3008210a8834035f.jpg",
        "color_id": "37",
        "direct_to_cart": true,
        "sku_id": "100026801",
        "sub_title": "即插即用、全面兼容",
        "title": "Smartisan 耳机转接头",
        "spec_json": [
          {
            "spec_id": "1",
            "spec_value_id": "37",
            "show_name": "白色",
            "item_value": "白色",
            "image": "attr/v2/1000268/E647E77234F9ED0FDE9DD4084D35FF57/"
          }
        ]
      }
    ]
  },
  {
    "id": 1000267,
    "name": "Smartisan 原装快充充电器 18W",
    "price": 59,
    "sale_status": 3,
    "sku_info": [
      {
        "ali_image": "http://image.smartisanos.cn/resource/dc53bd870ee64d2053ecc51750ece43a.jpg",
        "color_id": "37",
        "direct_to_cart": true,
        "sku_id": "100026701",
        "sub_title": "18W 安全快充、支持主流 QC3.0, MTK PE+2.0 快充协议",
        "title": "Smartisan 原装快充充电器 18W",
        "spec_json": [
          {
            "spec_id": "1",
            "spec_value_id": "37",
            "show_name": "白色",
            "item_value": "白色",
            "image": "attr/v2/1000267/E647E77234F9ED0FDE9DD4084D35FF57/"
          }
        ]
      }
    ]
  },
  {
    "id": 1000266,
    "name": "Smartisan 原装 Type-C 数据线",
    "price": 39,
    "sale_status": 3,
    "sku_info": [
      {
        "ali_image": "http://image.smartisanos.cn/resource/c79a73ffc6f8e782160d978f49f543dc.jpg",
        "color_id": "37",
        "direct_to_cart": true,
        "sku_id": "100026601",
        "sub_title": "PTC 过温保护、凹形设计、TPE 环保材质",
        "title": "Smartisan 原装 Type-C 数据线",
        "spec_json": [
          {
            "spec_id": "1",
            "spec_value_id": "37",
            "show_name": "白色",
            "item_value": "白色",
            "image": "attr/v2/1000266/E647E77234F9ED0FDE9DD4084D35FF57/"
          }
        ]
      }
    ]
  },
  {
    "id": 1000225,
    "name": "Micro-USB至 Type-C 转接头",
    "price": 29,
    "sale_status": 3,
    "sku_info": [
      {
        "ali_image": "http://image.smartisanos.cn/resource/5eba0b0d282f24b5d09dd9585bee4c44.png",
        "color_id": "37",
        "direct_to_cart": true,
        "sku_id": "100022501",
        "sub_title": "即插即用、全面兼容",
        "title": "Micro-USB 至 Type-C 转接头 × 2",
        "spec_json": [
          {
            "spec_id": "1",
            "spec_value_id": "37",
            "show_name": "白色",
            "item_value": "白色",
            "image": "attr/v2/1000225/E647E77234F9ED0FDE9DD4084D35FF57/"
          }
        ]
      }
    ]
  },
  {
    "id": 1000274,
    "name": "坚果 Pro 钢化玻璃保护膜 (前屏用)",
    "price": 49,
    "sale_status": 3,
    "sku_info": [
      {
        "ali_image": "http://image.smartisanos.cn/resource/30cacf4088f7105d16452c661afd9299.jpg",
        "color_id": "211",
        "direct_to_cart": true,
        "sku_id": "100027401",
        "sub_title": "高达 92% 的超强透光率、耐刮花、防指纹",
        "title": "坚果 Pro 钢化玻璃保护膜（前屏用）",
        "spec_json": [
          {
            "spec_id": "1",
            "spec_value_id": "211",
            "show_name": "透明",
            "item_value": "透明",
            "image": "attr/v2/1000274/3555AF9D0704A3AE3ECB7DC7C6866775/"
          }
        ]
      }
    ]
  },
  {
    "id": 1000223,
    "name": "Smartisan M1/M1L 软胶保护套",
    "price": 49,
    "sale_status": 3,
    "sku_info": [
      {
        "ali_image": "http://image.smartisanos.cn/resource/1410440c8a690ec361e6e77de59939c6.png",
        "color_id": "35",
        "direct_to_cart": false,
        "sku_id": "100022301",
        "sub_title": "TPU环保材质、细腻防滑、防油污",
        "title": "Smartisan M1/M1L 软胶保护套",
        "spec_json": [
          {
            "spec_id": "1",
            "spec_value_id": "35",
            "show_name": "红色",
            "item_value": "红色",
            "image": "attr/v2/1000223/16BBDBE3D35C0C4EF56427CBBDD7C4B1/"
          },
          {
            "spec_id": "15",
            "spec_value_id": "159",
            "show_name": "适用于 Smartisan M1",
            "item_value": "Smartisan M1",
            "image": ""
          }
        ]
      },
      {
        "ali_image": "http://image.smartisanos.cn/resource/1ecd9a694236bbda7eb8f58860aae325.png",
        "color_id": "41",
        "direct_to_cart": false,
        "sku_id": "100022303",
        "sub_title": "TPU环保材质、细腻防滑、防油污",
        "title": "Smartisan M1/M1L 软胶保护套",
        "spec_json": [
          {
            "spec_id": "1",
            "spec_value_id": "41",
            "show_name": "咖啡色",
            "item_value": "咖啡色",
            "image": "attr/v2/1000223/8E5E24A93E7DA19262F09A33A69DEC8E/"
          },
          {
            "spec_id": "15",
            "spec_value_id": "159",
            "show_name": "适用于 Smartisan M1",
            "item_value": "Smartisan M1",
            "image": ""
          }
        ]
      }
    ]
  }
]
